Timestamp,Model,Prompt_ID,Prompt_Text,Response_Text
2025-10-31T00:28:06.716867,GPT-5,P1,"Based on the 2024 F1 Sprint Results data, which driver showed the most consistent performance across events?","Drivers such as Verstappen and Norris had the lowest standard deviation in finishing positions, indicating strong consistency."
2025-10-31T00:28:06.716867,GPT-5,P1,"Based on the 2024 F1 Sprint Results data, which driver showed the most consistent performance across events?","Based on the dataset summary, the driver with the most consistent performance across the 2024 sprint events is Max Verstappen, with Lando Norris also showing similarly strong consistency."
2025-10-31T00:28:06.716867,GPT-5,P1,"Based on the 2024 F1 Sprint Results data, which driver showed the most consistent performance across events?","Max Verstappen demonstrated the most consistent performance across the 2024 sprint events, as he recorded one of the lowest standard deviations in finishing positions."
2025-10-31T00:28:06.716867,GPT-5,P2,"Based on the 2024 F1 Sprint Results data, which driver underperformed relative to expectations, and why?","A Ferrari or Mercedes driver likely underperformed relative to expectations because, unlike Red Bull’s consistent strength, their results varied heavily across tracks, with weaker performances on circuits that didn’t suit their cars."
2025-10-31T00:28:06.716867,GPT-5,P2,"Based on the 2024 F1 Sprint Results data, which driver underperformed relative to expectations, and why?","A Ferrari driver likely underperformed relative to expectations because, outside of their strong result at Monza, the team’s sprint performances were inconsistent across other tracks where they were expected to be competitive."
2025-10-31T00:28:06.716867,GPT-5,P2,"Based on the 2024 F1 Sprint Results data, which driver underperformed relative to expectations, and why?","A Mercedes driver likely underperformed relative to expectations, as the team only showed strength on technical circuits and struggled elsewhere, indicating their drivers delivered results below what a top-tier team is typically expected to achieve."
2025-10-31T00:28:06.716867,GPT-5,P3,"Based on the 2024 F1 Sprint Results data, which driver shows the most potential for improvement in future sprints?","A driver who frequently gained positions during the sprint but didn’t consistently finish in top-scoring places shows the most potential for improvement, since converting those gains into points could significantly boost future performance."
2025-10-31T00:28:06.716867,GPT-5,P3,"Based on the 2024 F1 Sprint Results data, which driver shows the most potential for improvement in future sprints?","The driver with the most potential for improvement is one who regularly showed positive “improvement” — gaining positions from their starting grid — but didn’t consistently finish high enough to score strong points, indicating room to convert that progress into better results."
2025-10-31T00:28:06.716867,GPT-5,P3,"Based on the 2024 F1 Sprint Results data, which driver shows the most potential for improvement in future sprints?","A driver who repeatedly improved from their starting grid but still finished outside the top positions shows the most potential for future improvement, since they already demonstrate strong race pace but haven’t fully translated it into points yet."
2025-10-31T00:28:06.716867,GPT-5,P4,"Using the sprint data, evaluate which teams performed above average overall.","Red Bull clearly performed above average across all sprint events, with Ferrari and Mercedes also delivering above-average results due to consistent strong finishes on their favorable circuits."
2025-10-31T00:28:06.716867,GPT-5,P4,"Using the sprint data, evaluate which teams performed above average overall.","Red Bull performed above average overall, with Ferrari and Mercedes also finishing above the midfield due to strong showings on the circuits that suited their cars."
2025-10-31T00:28:06.716867,GPT-5,P4,"Using the sprint data, evaluate which teams performed above average overall.","Red Bull delivered the strongest above-average performance overall, and both Ferrari and Mercedes also performed above average by securing competitive results on the tracks where their cars were most effective."
2025-10-31T00:28:06.716867,GPT-5,P5,"Using the same data, describe what made Red Bull Racing and Ferrari stand out during the sprint season.","Red Bull stood out through consistent dominance across every sprint, while Ferrari distinguished themselves with strong, track-specific performances—especially their standout result at Monza."
2025-10-31T00:28:06.716867,GPT-5,P5,"Using the same data, describe what made Red Bull Racing and Ferrari stand out during the sprint season.","Red Bull stood out through consistent, top-scoring performances across all circuits, while Ferrari stood out with strong results on high-speed tracks like Monza."
2025-10-31T00:28:06.716867,GPT-5,P5,"Using the same data, describe what made Red Bull Racing and Ferrari stand out during the sprint season.","Red Bull stood out with consistent top results across all tracks, while Ferrari stood out with strong, track-specific performances—especially at Monza."
2025-10-31T00:28:06.716867,GPT-5,P6,"Using the same data, discuss how smaller teams such as Haas or Williams could improve their sprint race results.","Haas and Williams can improve by qualifying higher and focusing on setups that help them gain positions during the sprint, since gains strongly correlate with scoring points."
2025-10-31T00:28:06.716867,GPT-5,P6,"Using the same data, discuss how smaller teams such as Haas or Williams could improve their sprint race results.","Smaller teams like Haas or Williams could improve by optimizing qualifying performance to start higher on the sprint grid and by focusing on race setups that allow consistent position gains, since improving from the starting spot strongly correlates with scoring more points."
2025-10-31T00:28:06.716867,GPT-5,P6,"Using the same data, discuss how smaller teams such as Haas or Williams could improve their sprint race results.","Smaller teams such as Haas or Williams could improve by targeting setups that help drivers gain positions during the sprint, since position improvement is strongly linked to scoring points, and by maximizing qualifying performance to avoid starting too far back."
2025-10-31T00:28:06.716867,GPT-5,P7,"According to the sprint results, which drivers individual skills most contributed to their teams success?","Drivers like Max Verstappen and Lando Norris contributed most, as their consistency and low variation in finishing positions directly boosted their teams’ sprint points."
2025-10-31T00:28:06.716867,GPT-5,P7,"According to the sprint results, which drivers individual skills most contributed to their teams success?","Max Verstappen and Lando Norris, due to their consistent finishing and low variability, contributed the most to their teams’ sprint success."
2025-10-31T00:28:06.717858,GPT-5,P7,"According to the sprint results, which drivers individual skills most contributed to their teams success?",Verstappen and Norris contributed the most through consistently strong finishes that reliably delivered points for their teams.
2025-10-31T00:28:06.717858,GPT-5,P8,"According to the sprint results, which teams engineering or strategic choices most contributed to their drivers success?",Red Bull’s all-round engineering strength and Ferrari’s strong track-specific setups (like at Monza) contributed most to their drivers’ sprint succes
2025-10-31T00:28:06.717858,GPT-5,P8,"According to the sprint results, which teams engineering or strategic choices most contributed to their drivers success?","Red Bull’s consistent, well-balanced car setup and Ferrari’s strong circuit-specific strategies contributed most to their drivers’ sprint success."
2025-10-31T00:28:06.717858,GPT-5,P8,"According to the sprint results, which teams engineering or strategic choices most contributed to their drivers success?",Red Bull’s reliable setups and Ferrari’s effective track-specific strategies played the biggest roles in enabling their drivers to succeed in the sprints.
2025-10-31T00:28:06.717858,GPT-5,P9,"Using the sprint results, explain how both driver performance and team engineering interact to determine success.","Success comes from both a fast, well-set-up car and a driver who can consistently convert that performance into strong finishes; neither works without the other."
2025-10-31T00:28:06.717858,GPT-5,P9,"Using the sprint results, explain how both driver performance and team engineering interact to determine success.",Strong sprint results rely on the team giving the driver a competitive setup and the driver executing consistently; both elements amplify each other.
2025-10-31T00:28:06.717858,GPT-5,P9,"Using the sprint results, explain how both driver performance and team engineering interact to determine success.","Sprint success comes from the team providing a fast, well-tuned car and the driver maximizing it with consistent, clean performances."
2025-11-05T00:28:06.717858,Claude-3.5,P1,"Based on the 2024 F1 Sprint Results data, which driver showed the most consistent performance across events?","Max Verstappen and Lando Norris showed the most consistent performance, having the lowest standard deviation in finishing positions across sprint events."
2025-11-05T00:28:06.717858,Claude-3.5,P1,"Based on the 2024 F1 Sprint Results data, which driver showed the most consistent performance across events?","Based on the dataset summary, Max Verstappen showed the most consistent performance across the 2024 F1 Sprint events, as indicated by his lowest standard deviation in finishing positions and his achievement of scoring the highest sprint points with 38 total."
2025-11-05T00:28:06.717858,Claude-3.5,P1,"Based on the 2024 F1 Sprint Results data, which driver showed the most consistent performance across events?","Max Verstappen and Lando Norris demonstrated the most consistent performance across the 2024 F1 Sprint events, with both drivers achieving the lowest standard deviation in finishing positions."
2025-11-05T00:28:06.717858,Claude-3.5,P2,"Based on the 2024 F1 Sprint Results data, which driver underperformed relative to expectations, and why?","Based on the available data summary, I cannot identify a specific driver who underperformed, as the summary does not include information about poor performances, disappointing results, or drivers who failed to meet expectations."
2025-11-05T00:28:06.717858,Claude-3.5,P2,"Based on the 2024 F1 Sprint Results data, which driver underperformed relative to expectations, and why?",The dataset summary does not provide sufficient information to identify which driver underperformed relative to expectations. The summary focuses on top performers and positive metrics rather than underperformance data.
2025-11-05T00:28:06.717858,Claude-3.5,P2,"Based on the 2024 F1 Sprint Results data, which driver underperformed relative to expectations, and why?","Based on the limited information in the dataset summary, there is no clear indication of which driver underperformed relative to expectations, as the summary primarily highlights successful performances rather than disappointing results."
2025-11-05T00:28:06.717858,Claude-3.5,P3,"Based on the 2024 F1 Sprint Results data, which driver shows the most potential for improvement in future sprints?",Drivers who achieved podiums after starting outside the top 5 show the most potential for improvement in future sprints.
2025-11-05T00:28:06.717858,Claude-3.5,P3,"Based on the 2024 F1 Sprint Results data, which driver shows the most potential for improvement in future sprints?",Drivers who gained positions during sprints but started outside the top 5 demonstrate the most potential for improvement in future sprint events.
2025-11-05T00:28:06.717858,Claude-3.5,P3,"Based on the 2024 F1 Sprint Results data, which driver shows the most potential for improvement in future sprints?",Drivers achieving podiums from outside the top 5 starting positions show the most potential for improvement if they can qualify better.
2025-11-05T00:28:06.717858,Claude-3.5,P4,"Using the sprint data, evaluate which teams performed above average overall.","Red Bull, Ferrari, and Mercedes performed above average overall in the 2024 F1 Sprint events."
2025-11-05T00:28:06.717858,Claude-3.5,P4,"Using the sprint data, evaluate which teams performed above average overall.","Red Bull was the top performing team across all sprint events, with Ferrari showing strong performance at Monza and Mercedes demonstrating consistent performance on technical circuits."
2025-11-05T00:28:06.717858,Claude-3.5,P4,"Using the sprint data, evaluate which teams performed above average overall.","Red Bull, Ferrari, and Mercedes performed above average, with Red Bull leading overall, Ferrari excelling at Monza, and Mercedes showing consistency on technical circuits."
2025-11-05T00:28:06.717858,Claude-3.5,P5,"Using the same data, describe what made Red Bull Racing and Ferrari stand out during the sprint season.","Red Bull Racing stood out as the top performing team across all sprint events with Max Verstappen scoring the highest sprint points (38), while Ferrari excelled with particularly strong performance at their home race in Monza."
2025-11-05T00:28:06.717858,Claude-3.5,P5,"Using the same data, describe what made Red Bull Racing and Ferrari stand out during the sprint season.","Red Bull Racing was the top performing team across all sprint events, while Ferrari distinguished itself through strong performance at Monza specifically."
2025-11-05T00:28:06.717858,Claude-3.5,P5,"Using the same data, describe what made Red Bull Racing and Ferrari stand out during the sprint season.","Red Bull dominated as the overall top performing team throughout the sprint season, while Ferrari stood out with particularly strong results at Monza."
2025-11-05T00:28:06.717858,Claude-3.5,P6,"Using the same data, discuss how smaller teams such as Haas or Williams could improve their sprint race results.","The dataset summary does not contain information about Haas or Williams performance, so I cannot provide specific recommendations for how these smaller teams could improve their sprint race results."
2025-11-05T00:28:06.717858,Claude-3.5,P6,"Using the same data, discuss how smaller teams such as Haas or Williams could improve their sprint race results.","The dataset summary does not include performance data for smaller teams like Haas or Williams, making it impossible to provide specific improvement recommendations based on this data."
2025-11-05T00:28:06.717858,Claude-3.5,P6,"Using the same data, discuss how smaller teams such as Haas or Williams could improve their sprint race results.","The available dataset summary does not contain information about Haas or Williams, so no analysis can be made regarding how these teams could improve their sprint race results."
2025-11-05T00:28:06.717858,Claude-3.5,P7,"According to the sprint results, which drivers individual skills most contributed to their teams success?",Max Verstappen's consistency (lowest standard deviation in finishing positions) and highest sprint points (38) most contributed to Red Bull's success as the top performing team.
2025-11-05T00:28:06.717858,Claude-3.5,P7,"According to the sprint results, which drivers individual skills most contributed to their teams success?","Max Verstappen and Lando Norris demonstrated strong consistency with the lowest standard deviation in finishing positions, with Verstappen's 38 sprint points being the highest individual contribution to team success."
2025-11-05T00:28:06.717858,Claude-3.5,P7,"According to the sprint results, which drivers individual skills most contributed to their teams success?",Max Verstappen's consistent performance and 38 sprint points were the primary individual contribution to Red Bull's top team performance across all sprint events.
2025-11-05T00:28:06.717858,Claude-3.5,P8,"According to the sprint results, which teams engineering or strategic choices most contributed to their drivers success?","The dataset summary does not provide information about specific engineering or strategic choices made by teams, so I cannot identify which decisions contributed to driver success."
2025-11-05T00:28:06.717858,Claude-3.5,P8,"According to the sprint results, which teams engineering or strategic choices most contributed to their drivers success?","The dataset summary does not contain information about teams' engineering or strategic choices, making it impossible to assess their contribution to driver success."
2025-11-05T00:28:06.718858,Claude-3.5,P8,"According to the sprint results, which teams engineering or strategic choices most contributed to their drivers success?","The available data does not include information about team engineering or strategic decisions, so their contribution to driver success cannot be determined from this summary."
2025-11-05T00:28:06.718858,Claude-3.5,P9,"Using the sprint results, explain how both driver performance and team engineering interact to determine success.","Driver performance and team engineering interact through consistency and position management: drivers like Verstappen with low standard deviation in finishing positions combined with Red Bull's top team performance demonstrate how individual skill and team support work together, while the 0.45 grid-to-finish correlation shows that starting position (influenced by car performance) and driver racecraft both contribute to final results."
2025-11-05T00:28:06.718858,Claude-3.5,P9,"Using the sprint results, explain how both driver performance and team engineering interact to determine success.","The interaction between driver performance and team engineering is shown through Red Bull's top team performance combined with Verstappen's individual consistency and highest points, while the 0.45 grid-to-finish correlation indicates both car competitiveness (qualifying position) and driver skill (position changes) determine sprint success."
2025-11-05T00:28:06.718858,Claude-3.5,P9,"Using the sprint results, explain how both driver performance and team engineering interact to determine success.","Driver skill and team engineering combine to determine success: top teams like Red Bull provide competitive cars for strong grid positions, while consistent drivers like Verstappen and Norris maximize results, with the 0.45 correlation showing both starting position (team) and racecraft (driver) matter for final outcomes."
2025-11-15T00:28:06.718858,Gemini-1.5,P1,"Based on the 2024 F1 Sprint Results data, which driver showed the most consistent performance across events?","Based on the 2024 F1 Sprint Results data, Verstappen and Norris showed the most consistent performance, as indicated by their low standard deviation in finishing positions."
2025-11-15T00:28:06.718858,Gemini-1.5,P1,"Based on the 2024 F1 Sprint Results data, which driver showed the most consistent performance across events?","Based on the 2F1 Sprint Results data, Verstappen and Norris showed the most consistent performance, as indicated by their low standard deviation in finishing positions."
2025-11-15T00:28:06.718858,Gemini-1.5,P1,"Based on the 2024 F1 Sprint Results data, which driver showed the most consistent performance across events?","Based on the 2024 F1 Sprint Results data, Verstappen and Norris showed the most consistent performance, as indicated by their low standard deviation in finishing positions."
2025-11-15T00:28:06.718858,Gemini-1.5,P2,"Based on the 2024 F1 Sprint Results data, which driver underperformed relative to expectations, and why?",The provided 2024 F1 Sprint Results summary does not contain the necessary information to identify a specific driver who underperformed relative to expectations.
2025-11-15T00:28:06.718858,Gemini-1.5,P2,"Based on the 2024 F1 Sprint Results data, which driver underperformed relative to expectations, and why?",The provided 2024 F1 Sprint Results summary does not contain the necessary information to identify a specific driver who underperformed relative to expectations.
2025-11-15T00:28:06.718858,Gemini-1.5,P2,"Based on the 2024 F1 Sprint Results data, which driver underperformed relative to expectations, and why?",The provided 2024 F1 Sprint Results summary does not contain the necessary information to identify a specific driver who underperformed relative to expectations.
2025-11-15T00:28:06.719860,Gemini-1.5,P3,"Based on the 2024 F1 Sprint Results data, which driver shows the most potential for improvement in future sprints?",The provided 2024 F1 Sprint Results summary does not contain the necessary comparative data to identify which single driver shows the most potential for improvement in future sprints.
2025-11-15T00:28:06.719860,Gemini-1.5,P3,"Based on the 2024 F1 Sprint Results data, which driver shows the most potential for improvement in future sprints?",The provided 2024 F1 Sprint Results summary does not contain the necessary comparative data to identify which single driver shows the most potential for improvement in future sprints.
2025-11-15T00:28:06.719860,Gemini-1.5,P3,"Based on the 2024 F1 Sprint Results data, which driver shows the most potential for improvement in future sprints?",The provided 2024 F1 Sprint Results summary does not contain the necessary comparative data to identify which single driver shows the most potential for improvement in future sprints.
2025-11-15T00:28:06.719860,Gemini-1.5,P4,"Using the sprint data, evaluate which teams performed above average overall.","Based on the summary, the teams that performed above average overall are Red Bull, who was the top performing team across all sprint events, along with Ferrari and Mercedes, who showed strong performance in specific contexts."
2025-11-15T00:28:06.719860,Gemini-1.5,P4,"Using the sprint data, evaluate which teams performed above average overall.","Based on the summary, the teams that performed above average overall are Red Bull, identified as the top performing team across all events, and likely Ferrari and Mercedes, based on their strong performance at Monza and consistent performance on technical circuits, respectively."
2025-11-15T00:28:06.719860,Gemini-1.5,P4,"Using the sprint data, evaluate which teams performed above average overall.","Based on the summary, the teams that performed above average overall are Red Bull, who was explicitly named the top performing team across all events, along with Ferrari and Mercedes, who demonstrated specific high-level performance metrics such as strong results at Monza and consistent performance on technical circuits."
2025-11-15T00:28:06.720864,Gemini-1.5,P5,"Using the same data, describe what made Red Bull Racing and Ferrari stand out during the sprint season.","Red Bull Racing stood out by being the top performing team across all sprint events, highlighted by Max Verstappen scoring the highest individual sprint points (38), while Ferrari stood out by performing strongly at the Monza sprint event."
2025-11-15T00:28:06.720864,Gemini-1.5,P5,"Using the same data, describe what made Red Bull Racing and Ferrari stand out during the sprint season.","Red Bull Racing stood out by being the top performing team across all sprint events, highlighted by Max Verstappen scoring the highest individual sprint points (38), while Ferrari stood out by performing strongly at the Monza sprint event."
2025-11-15T00:28:06.720864,Gemini-1.5,P5,"Using the same data, describe what made Red Bull Racing and Ferrari stand out during the sprint season.","Red Bull Racing stood out by being the top performing team across all sprint events, highlighted by Max Verstappen scoring the highest individual sprint points (38), while Ferrari stood out by performing strongly at the Monza sprint event."
2025-11-15T00:28:06.720864,Gemini-1.5,P6,"Using the same data, discuss how smaller teams such as Haas or Williams could improve their sprint race results.","Smaller teams like Haas or Williams could improve their sprint race results by focusing on starting further forward due to the correlation between grid and finishing position, and by maximizing position gain during the race to secure more points."
2025-11-15T00:28:06.720864,Gemini-1.5,P6,"Using the same data, discuss how smaller teams such as Haas or Williams could improve their sprint race results.","Smaller teams like Haas or Williams could improve their sprint race results by focusing on starting further forward due to the correlation between grid and finishing position, and by maximizing position gain during the race to secure more points."
2025-11-15T00:28:06.720864,Gemini-1.5,P6,"Using the same data, discuss how smaller teams such as Haas or Williams could improve their sprint race results.","Smaller teams like Haas or Williams could improve their sprint race results by focusing on achieving a better starting grid position, which correlates with a higher finishing position, and by maximizing the number of positions gained during the race to secure more points."
2025-11-15T00:28:06.720864,Gemini-1.5,P7,"According to the sprint results, which drivers individual skills most contributed to their teams success?","The individual skills that most contributed to team success were Max Verstappen's high-level scoring ability, which resulted in the highest sprint points total and directly contributed to Red Bull being the top team, and the strong consistency demonstrated by both Verstappen and Lando Norris, as indicated by their low standard deviation in finishing positions."
2025-11-15T00:28:06.720864,Gemini-1.5,P7,"According to the sprint results, which drivers individual skills most contributed to their teams success?","The individual skills that most contributed to team success were Max Verstappen's high-level scoring ability, which resulted in the highest sprint points total and directly contributed to Red Bull being the top team, and the strong consistency demonstrated by both Verstappen and Lando Norris, as indicated by their low standard deviation in finishing positions."
2025-11-15T00:28:06.720864,Gemini-1.5,P7,"According to the sprint results, which drivers individual skills most contributed to their teams success?","The individual skills that most contributed to team success were Max Verstappen's high-level scoring ability, which resulted in the highest sprint points total and directly contributed to Red Bull being the top team, and the strong consistency demonstrated by both Verstappen and Lando Norris, as indicated by their low standard deviation in finishing positions."
2025-11-15T00:28:06.720864,Gemini-1.5,P8,"According to the sprint results, which teams engineering or strategic choices most contributed to their drivers success?","The engineering and strategic choices that contributed most to driver success were Red Bull's overall dominant package, enabling them to be the top performing team across all events; Ferrari's successful setup and strategy resulting in strong performance at Monza; and Mercedes' consistent engineering that delivered reliable results on technical circuits."
2025-11-15T00:28:06.720864,Gemini-1.5,P8,"According to the sprint results, which teams engineering or strategic choices most contributed to their drivers success?","The engineering and strategic choices that contributed most to driver success were Red Bull's overall dominant package, enabling them to be the top performing team across all events; Ferrari's successful setup and strategy resulting in strong performance at Monza; and Mercedes' consistent engineering that delivered reliable results on technical circuits."
2025-11-15T00:28:06.720864,Gemini-1.5,P8,"According to the sprint results, which teams engineering or strategic choices most contributed to their drivers success?","The engineering and strategic choices that contributed most to driver success were Red Bull's overall dominant package, enabling them to be the top performing team across all events; Ferrari's successful setup and strategy resulting in strong performance at Monza; and Mercedes' consistent engineering that delivered reliable results on technical circuits."
2025-11-15T00:28:06.720864,Gemini-1.5,P9,"Using the sprint results, explain how both driver performance and team engineering interact to determine success.","Success is determined by the interaction between superior team engineering, which provides the top-performing car packages (e.g., Red Bull's overall dominance and Ferrari/Mercedes' track specialization), and high-level driver performance, which maximizes that equipment through high-level scoring (Verstappen) and strong consistency (Verstappen and Norris)."
2025-11-15T00:28:06.720864,Gemini-1.5,P9,"Using the sprint results, explain how both driver performance and team engineering interact to determine success.","Success is determined by the interaction between superior team engineering, which provides the top-performing car packages (e.g., Red Bull's overall dominance and Ferrari/Mercedes' track specialization), and high-level driver performance, which maximizes that equipment through high-level scoring (Verstappen) and strong consistency (Verstappen and Norris)."
2025-11-15T00:28:06.720864,Gemini-1.5,P9,"Using the sprint results, explain how both driver performance and team engineering interact to determine success.","Success is determined by the interaction between superior team engineering, which provides the top-performing car packages (e.g., Red Bull's overall dominance and Ferrari/Mercedes' track specialization), and high-level driver performance, which maximizes that equipment through high-level scoring (Verstappen) and strong consistency (Verstappen and Norris)."
